50, 0, -0.00010000000000000000, 99.95107322562186880077, 1.57054907255093212370, -0.00005613617974215092
50, 0, -0.00110000000000000007, 99.50766640318563815981, 1.56829575026655509973, -0.00056772781106837551
50, 0, -0.01110000000000000049, 96.78422137013178883080, 1.55394059548049257025, -0.00382726809057092358
50, 0, -0.07378640144426226732, 95.67363790043870608315, 1.54781889143286899291, -0.00521769940744468662
50, 0, -0.10000000000000000555, 95.66943274526137486191, 1.54779540288690964367, -0.00522303509869076997
50, 0, -0.10010000000000000842, 95.62739431438147619247, 1.54756046067428121304, -0.00527640522972878945
50, 0, -0.10110000000000000930, 95.20831994882200888242, 1.54520535685658866321, -0.00581143124892710607
50, 0, -0.11110000000000000431, 92.43076566710192309984, 1.52897327846693520392, -0.00950111627403247075
50, 0, -0.17885829484279081036, 91.58592914674224516602, 1.52380979804839955527, -0.01067580106477826994
50, 0, -0.20000000000000001110, 91.58195740598499412499, 1.52378526222182975047, -0.01068138427800874313
50, 0, -0.20010000000000000009, 91.54225255446142739402, 1.52353984550800802822, -0.01073723043910428804
50, 0, -0.20110000000000000098, 91.14645761580962357584, 1.52107982742856062686, -0.01129709809865193058
50, 0, -0.21110000000000000986, 88.50965228028205444843, 1.50403299913797372511, -0.01518097589337376145
50, 0, -0.27923590862082142694, 87.72659938357536191234, 1.49873825367716606571, -0.01638904950555164844
50, 0, -0.30000000000000004441, 87.72285107087650146696, 1.49871264044251173431, -0.01639489578610910450
50, 0, -0.30010000000000003340, 87.68537996626993447080, 1.49845644803320099392, -0.01645337352324227273
50, 0, -0.30110000000000003428, 87.31186924278645733466, 1.49588851187670957010, -0.01703964759069730162
50, 0, -0.31110000000000004317, 84.81047381943045593289, 1.47799588429289530112, -0.02113151731344689241
50, 0, -0.37962405602212334621, 84.08594132251549524426, 1.47257493033688868778, -0.02237387462700118207
50, 0, -0.40000000000000002220, 84.08240700614781815148, 1.47254821123903267832, -0.02238000133759514981
50, 0, -0.40010000000000001119, 84.04707536102195319927, 1.47228095868718034112, -0.02244128438575778914
50, 0, -0.40110000000000001208, 83.69490895711079758712, 1.46960227048781599812, -0.02305571306270683130
50, 0, -0.41110000000000002096, 81.32217417745314946842, 1.45081912014813241285, -0.02737429459943091503
50, 0, -0.48007443243046171721, 80.65479035482253777900, 1.44529239538003384524, -0.02864867119080844945
50, 0, -0.50000000000000000000, 80.65146113399178773307, 1.44526454409077609320, -0.02865509781546953655
50, 0, -0.50009999999999998899, 80.61817996897441673809, 1.44498596824486469359, -0.02871938114106679929
50, 0, -0.50109999999999998987, 80.28647094342083789797, 1.44219390963839377839, -0.02936392677515215627
50, 0, -0.51109999999999999876, 78.03573858352528702653, 1.42246980114700050102, -0.03393146839361940725
50, 0, -0.58060395711051648870, 77.42450153535013157580, 1.41686559068496031877, -0.03523413045971864749
50, 0, -0.59999999999999997780, 77.42136901785720226599, 1.41683658350706620510, -0.03524087896500056882
50, 0, -0.60009999999999996678, 77.39005443833609376725, 1.41654644755433523073, -0.03530838238133462287
50, 0, -0.60109999999999996767, 77.07796657862233757896, 1.41363866648515790203, -0.03598525796994606063
50, 0, -0.61109999999999997655, 74.94283064400704574837, 1.39291767054169413065, -0.04082800932493749202
50, 0, -0.68122724331972650536, 74.38692790618088679366, 1.38727236171190959624, -0.04215363498534901304
50, 0, -0.69999999999999995559, 74.38398418740067086219, 1.38724217813324313120, -0.04216073025105266520
50, 0, -0.70009999999999994458, 74.35455717338292913610, 1.38694027714378664840, -0.04223170272978107875
50, 0, -0.70109999999999994547, 74.06130290139141436612, 1.38391474358114141552, -0.04294341545953309081
50, 0, -0.71109999999999995435, 72.03561599973487261650, 1.36213444325526999990, -0.04809251764108241761
50, 0, -0.78196104965597634795, 71.53440011500802597766, 1.35649403652535061049, -0.04943373031063554718
50, 0, -0.79999999999999993339, 71.53163775814176972290, 1.35646265982266900352, -0.04944120064544346022
50, 0, -0.80009999999999992237, 71.50402396684646078029, 1.35614882679006831800, -0.04951592547808953554
50, 0, -0.80109999999999992326, 71.22886237167064393816, 1.35300389340381554959, -0.05026532886048070553
50, 0, -0.81109999999999993214, 69.30670038954733058745, 1.33009364794411166777, -0.05575806707442561294
50, 0, -0.88282636140006809367, 68.85970728718092459530, 1.32451605376944381298, -0.05710469090239477657
50, 0, -0.89999999999999991118, 68.85711930474293751558, 1.32448347166022384336, -0.05711256866383868092
50, 0, -0.90009999999999990017, 68.83124888553516029788, 1.32415758402239025493, -0.05719136966783424508
50, 0, -0.90109999999999990106, 68.57348387950018775427, 1.32089205164809087023, -0.05798172624140743997
50, 0, -0.91109999999999990994, 66.74908841619905786047, 1.29677037307360576435, -0.06386325677933737954
50, 0, -0.98385050629322534643, 66.35607911398170699613, 1.29132863731649139005, -0.06520120224746066284
50, 0, -0.99999999999999988898, 66.35365895048474271789, 1.29129484265583771574, -0.06520952459090725850
50, 0, -1.00009999999999998899, 66.32946637179401250251, 1.29095682926646437849, -0.06529277360734894731
50, 0, -1.00109999999999987885, 66.08844496613288299613, 1.28757001685622052278, -0.06612783071155674264
50, 0, -1.01109999999999988773, 64.35613284514340648457, 1.26214048803286549294, -0.07245363896845496976
50, 0, -1.08507053826254340478, 64.01716912293821337698, 1.25692751394697510570, -0.07376318709087222036
50, 0, -1.09999999999999986677, 64.01491063874462383865, 1.25689250546527686581, -0.07377199687912355808
50, 0, -1.10009999999999985576, 63.99233452664027765877, 1.25654235397250446660, -0.07386012287864250625
50, 0, -1.10109999999999974563, 63.76744522356879940617, 1.25303417259007532358, -0.07474420470744068401
50, 0, -1.11109999999999975451, 62.12146488597914384400, 1.22617887277492698672, -0.08158374477401986180
50, 0, -1.18653891175970738203, 61.83703909871677950605, 1.22131466906199581679, -0.08283681176380223998
50, 0, -1.19999999999999995559, 61.83493655502537933444, 1.22127845213769004040, -0.08284615867805004974
50, 0, -1.20009999999999994458, 61.81391954314650405422, 1.22091621671348948830, -0.08293965888276694232
50, 0, -1.20109999999999983444, 61.60459084132195073380, 1.21728724700205237497, -0.08387777895611313317
50, 0, -1.21109999999999984333, 60.03888487826814213122, 1.18885568061685109598, -0.09132014274006636234
50, 0, -1.28833360213461434185, 59.81014462528204944647, 1.18449913422567965071, -0.09247571913209846894
50, 0, -1.30000000000000004441, 59.80819267022206986439, 1.18446172168641794542, -0.09248566103715714914
50, 0, -1.30010000000000003340, 59.78868126077716738109, 1.18408753103962216535, -0.09258511458874281452
50, 0, -1.30109999999999992326, 59.59438027130278214827, 1.18033910348692727688, -0.09358311402042179816
50, 0, -1.31109999999999993214, 58.10215794270656175513, 1.15012824374558286777, -0.10174651525840490429
50, 0, -1.39057804110973615153, 57.93132172146558644954, 1.14649779950683949892, -0.10274254885784257774
50, 0, -1.40000000000000013323, 57.92951537727038413550, 1.14645921245181048320, -0.10275315349095104356
50, 0, -1.40010000000000012221, 57.91145981283310106846, 1.14607327805230752027, -0.10285923835873853061
50, 0, -1.40110000000000001208, 57.73169098307346303045, 1.14220755532755569028, -0.10392395696545188299
50, 0, -1.41110000000000002096, 56.30458796840951407603, 1.10992270793715408495, -0.11297314180324012634
50, 0, -1.49348400574397488505, 56.19577454277017380946, 1.10733624344595371625, -0.11371082476500510294
50, 0, -1.50000000000000022204, 56.19410919400351644981, 1.10729651208244539440, -0.11372217183964285214
50, 0, -1.50010000000000021103, 56.17746333983292572611, 1.10689913652740812289, -0.11383568588466129456
50, 0, -1.50110000000000010090, 56.01176728232547219477, 1.10291919720397957327, -0.11497517543847184107
50, 0, -1.51110000000000010978, 54.63802311520232279918, 1.06808874956906163511, -0.12515745325620433737
50, 0, -1.59745432560707034675, 54.59906412209603843166, 1.06704957444195680516, -0.12546731506503805420
50, 0, -1.60000000000000031086, 54.59753550490328422029, 1.06700873893094039246, -0.12547949891143744816
50, 0, -1.60010000000000029985, 54.58225674151085371477, 1.06660032440108332175, -0.12560138632512962698
50, 0, -1.60110000000000018971, 54.43020916518873519863, 1.06251024755974676772, -0.12682517833339956859
50, 0, -1.61110000000000019860, 53.13709812317858904862, 1.02568327998457120565, -0.13811500679685564941
50, 0, -1.70000000000000039968, 53.13570231553491396426, 1.02564139129384312987, -0.13812813970249901430
50, 0, -1.70010000000000038867, 53.12175144122095815646, 1.02522244808531692861, -0.13825952445569217319
50, 0, -1.70110000000000027853, 52.98296218216252384536, 1.02102739868246539245, -0.13957896909576922306
50, 0, -1.71110000000000028741, 51.80612157003219664375, 0.98329408537663620660, -0.15177688499593450233
50, 0, -1.80000000000000048850, 51.80485498295566060278, 0.98325120614675065589, -0.15179110146704816176
50, 0, -1.80010000000000047748, 51.79219612599218436344, 0.98282236133150224777, -0.15193332998303549219
50, 0, -1.80110000000000036735, 51.66630827445519713592, 0.97852867690878952978, -0.15336202870857101876
50, 0, -1.81110000000000037623, 50.60270852627544968527, 0.93995083222396502709, -0.16660077564487399404
50, 0, -1.90000000000000057732, 50.60156789596808835086, 0.93990703766313365985, -0.16661623789064816670
50, 0, -1.90010000000000056630, 50.59016843605959934393, 0.93946904404021880364, -0.16677093396491224353
50, 0, -1.90110000000000045617, 50.47685755610122271264, 0.93508432447650779995, -0.16832529654021011201
50, 0, -1.91110000000000046505, 49.52375468804569891290, 0.89573540065681900302, -0.18276560768730962248
50, 0, -2.00000000000000044409, 49.52273706892896854015, 0.89569077949789677184, -0.18278251274228055068
50, 0, -2.00010000000000065512, 49.51256756761520705368, 0.89524452516809804870, -0.18295164887063575243
50, 0, -2.00110000000000054499, 49.41154100591244002771, 0.89077772891322148929, -0.18465161720150310987
50, 0, -2.01110000000000033182, 48.58740959145887217119, 0.85180002018947897913, -0.20005699024183357104
50, 0, -2.09767008005447275210, 48.56647084760989230290, 0.85074372037695322746, -0.20048958532178473568
50, 0, -2.10000000000000053291, 48.56557360621349062058, 0.85069837595518249529, -0.20050817438299381457
50, 0, -2.10010000000000074394, 48.55660774580319838378, 0.85024489510734979625, -0.20069416527482264456
50, 0, -2.10110000000000063380, 48.46760402554782132256, 0.84570644795513894021, -0.20256416286953646266
50, 0, -2.11110000000000042064, 47.79237753411304368001, 0.80883590707020802668, -0.21836898227522516525
50, 0, -2.19183696202916777906, 47.72837718958298580674, 0.80508694696662908008, -0.22004095502192497213
50, 0, -2.20000000000000062172, 47.72759799924010337691, 0.80504099851483801320, -0.22006152580690188647
50, 0, -2.20010000000000083276, 47.71981252980678789299, 0.80458148439344756575, -0.22026735215896231512
50, 0, -2.20110000000000072262, 47.64260082497027326554, 0.79998341074607870471, -0.22233754149453707760
50, 0, -2.21110000000000050946, 47.09327361796545829975, 0.76484036472503658111, -0.23883454106677359796
50, 0, -2.28717945455762672324, 47.00729837368244545814, 0.75889292644397365883, -0.24175232700909293770
50, 0, -2.30000000000000071054, 47.00663520998434563580, 0.75884651075831655032, -0.24177525026755919413
50, 0, -2.30010000000000092157, 47.00000990395248834375, 0.75838233234688856577, -0.24200462414867571215
50, 0, -2.30110000000000081144, 46.93438958919372794298, 0.75373842469856866533, -0.24431258760846719102
50, 0, -2.31110000000000059828, 46.49620874054379981999, 0.72023925638363317514, -0.26171306612357181365
50, 0, -2.38301914097153977323, 46.40135934720501609263, 0.71230814023315458527, -0.26603990222581452851
50, 0, -2.40000000000000079936, 46.40081048417148679164, 0.71226141394639952420, -0.26606564400116372582
50, 0, -2.40010000000000101039, 46.39532809805907476175, 0.71179413874243868676, -0.26632323183845985071
50, 0, -2.40110000000000090026, 46.34112836992387940427, 0.70712018970893308900, -0.26891623917437879054
50, 0, -2.41110000000000068709, 46.00323996200773990495, 0.67536088402092997462, -0.28737668550672301748
50, 0, -2.47895413718473589526, 45.90898185122268415626, 0.66550042619602745031, -0.29342950616514951179
50, 0, -2.50000000000000088818, 45.90854585813629284985, 0.66545356902119501274, -0.29345865804734350135
50, 0, -2.50010000000000109921, 45.90419210093240565129, 0.66498499553913625881, -0.29375038367179390209
50, 0, -2.50110000000000098908, 45.86127166514125264030, 0.66029912965534187652, -0.29668847475371307176
50, 0, -2.51110000000000077591, 45.61457688577397817653, 0.63051451981386852363, -0.31630043387238931940
50, 0, -2.57467730395441263269, 45.52888156697885335689, 0.61866292679136714039, -0.32459208469402212049
50, 0, -2.60000000000000097700, 45.52855730583642923648, 0.61861614628837291452, -0.32462540517138704921
50, 0, -2.60010000000000118803, 45.52532081354890891589, 0.61814835182983252082, -0.32495886405137358599
50, 0, -2.60110000000000107789, 45.49356763373623380176, 0.61347151380556230738, -0.32831906361713980580
50, 0, -2.61110000000000086473, 45.32938577867869156535, 0.58603663044874854116, -0.34905757061134118358
50, 0, -2.66987324998056285708, 45.26006585757174605078, 0.57201995062058341723, -0.36039228818277513344
50, 0, -2.70000000000000106581, 45.25985248110998071525, 0.57197348932569636037, -0.36043075926190459857
50, 0, -2.70010000000000127685, 45.25772479705186412957, 0.57150890143443400238, -0.36081578567793082257
50, 0, -2.70110000000000116671, 45.23705590067057613624, 0.56686558699999756161, -0.36469787372128553704
50, 0, -2.71110000000000095355, 45.14599165930321333917, 0.54235897885013739650, -0.38627338786992942987
50, 0, -2.76406849681730948376, 45.10183206445622516867, 0.52583578788650686686, -0.40195484486496957377
50, 0, -2.80000000000000115463, 45.10172901471382544969, 0.52578993407434948537, -0.40199974913979535929
50, 0, -2.80010000000000136566, 45.10070457515343633759, 0.52533143840173868178, -0.40244918815367136666
50, 0, -2.80110000000000125553, 45.09106591283036635787, 0.52075079789539147068, -0.40698354857781537941
50, 0, -2.81110000000000104237, 45.06133849132447011243, 0.50026820511345804210, -0.42830113284712539867
50, 0, -2.85604525612473247875, 45.05376632503503486760, 0.48042804197889815709, -0.45075408441978520591
50, 0, -2.90000000000000124345, 45.05377333242139314962, 0.48038314594683395597, -0.45080710783014310561
50, 0, -2.90010000000000145448, 45.05384945729633727751, 0.47993424946616847215, -0.45133784439259627685
50, 0, -2.90110000000000134435, 45.05521581268752839833, 0.47545175757376129111, -0.45669590874128873637
50, 0, -2.91110000000000113118, 45.06708616376351272947, 0.46110639664472902188, -0.47459254269487027855
50, 0, -2.94329117048542165946, 45.10323060161791630662, 0.44111037303816952315, -0.50165011878371879028
50, 0, -2.98870810680926801695, 45.11574288470683313790, 0.43618775856745428676, -0.50873056665426730216
50, 0, -3.00000000000000133227, 45.11585996755671601477, 0.43614425713960458530, -0.50879392859658112425
50, 0, -3.00010000000000154330, 45.11703685604710045709, 0.43570933372889525392, -0.50942819002210737445
50, 0, -3.00110000000000143316, 45.12941180420204290158, 0.43136930029516878937, -0.51583559673469447926
50, 0, -3.01110000000000122000, 45.19303876690586463383, 0.41342904015391301886, -0.54393663754002707922
50, 0, -3.05287901479119661019, 45.28792389146148877899, 0.39360945487523507635, -0.57843070328440870931
50, 0, -3.10000000000000142109, 45.28815135606477326746, 0.39356790757853854501, -0.57850730136615513555
50, 0, -3.10010000000000163212, 45.29043208691653177311, 0.39315256052329722314, -0.57927410475220697528
50, 0, -3.10110000000000152198, 45.31384800011887392657, 0.38901183048780518803, -0.58702515023381585113
50, 0, -3.11110000000000130882, 45.42655858729749951408, 0.37157029770317367978, -0.62197474139749386879
50, 0, -3.15389104463054215088, 45.57075965939302619745, 0.35333451072470328791, -0.66313898613991961728
50, 0, -3.20000000000000150990, 45.57109810050169329543, 0.35329565075539964836, -0.66323250056447635714
50, 0, -3.20010000000000172093, 45.57448863712303932516, 0.35290722326287093935, -0.66416869137642053911
50, 0, -3.20110000000000161080, 45.60900673849984343633, 0.34904036656549186635, -0.67363615801424259200
50, 0, -3.21110000000000139764, 45.76368381576416055623, 0.33339652983197176628, -0.71493119248692771350
50, 0, -3.25247516615525533723, 45.96498942186888569950, 0.31620930277351250171, -0.76690275283607045598
50, 0, -3.30000000000000159872, 45.96543972369073571826, 0.31617410118853972456, -0.76701755109790481502
50, 0, -3.30010000000000180975, 45.96994892411660771359, 0.31582231876070382404, -0.76816683142144448482
50, 0, -3.30110000000000169962, 46.01565939002271221625, 0.31232809645883913285, -0.77979032580648921513
50, 0, -3.31110000000000148646, 46.20396257667699302374, 0.29917915580465281877, -0.82727944521540452971
50, 0, -3.34995562764283105750, 46.45619295166630280391, 0.28418444526673386497, -0.89034368347343928463
50, 0, -3.39724957250574588485, 46.47164257410760512812, 0.28334952497598214771, -0.89419664685044164543
50, 0, -3.40000000000000168754, 46.47220591181115878499, 0.28331924947010334037, -0.89433712453158120681
50, 0, -3.40010000000000189857, 46.47784554378117860551, 0.28301680622540120735, -0.89574341498840825970
50, 0, -3.40110000000000178844, 46.53486765746870190696, 0.28002387655975896630, -0.90995825366578853011
50, 0, -3.41110000000000157527, 46.75043015953450264988, 0.26970699898706679276, -0.96365970017145052839
50, 0, -3.44723648583642772181, 47.03012104177873453636, 0.25839543533998143854, -1.03332048966256029310
50, 0, -3.49079233530027055465, 47.09204044331379890309, 0.25617354839359685048, -1.04873866587409847462
50, 0, -3.50000000000000177636, 47.09271828507548462994, 0.25614975594014599558, -1.04890743193160207447
50, 0, -3.50010000000000198739, 47.09950304653637687125, 0.25591223452123612603, -1.05059664486962067720
50, 0, -3.50110000000000187725, 47.16798540626242441931, 0.25357767588644075651, -1.06764353600905126385
50, 0, -3.51110000000000166409, 47.40866693855298308335, 0.24623448333303496471, -1.12747080804107491225
50, 0, -3.54498885214309700231, 47.71506736071893328699, 0.23865141688918309337, -1.20324048622052881541
50, 0, -3.58565113990698858260, 47.82779862930146208555, 0.23631318729106573495, -1.23093380890001458106
50, 0, -3.60000000000000186517, 47.82859273892840690223, 0.23629752873866768925, -1.23112843965870033536
50, 0, -3.60010000000000207621, 47.83654028429522497845, 0.23614143197545872654, -1.23307595964648553100
50, 0, -3.60110000000000196607, 47.91666106924571266745, 0.23462960343382938122, -1.25267020052003608122
50, 0, -3.61110000000000175291, 48.18331173497124098049, 0.23037106441200255746, -1.31727995557011268168
50, 0, -3.64337920295998030085, 48.51799245838098784134, 0.22656540185304249735, -1.39668967599601123730
50, 0, -3.68193916346943206364, 48.68082993146437331689, 0.22527418787009292900, -1.43448590509196627352
50, 0, -3.70000000000000195399, 48.68174237164231499264, 0.22526791980030450024, -1.43469595855181597521
50, 0, -3.70010000000000216502, 48.69087334431292646286, 0.22520577398113483802, -1.43679690520815195320
50, 0, -3.70110000000000205489, 48.78284064331344183074, 0.22463785122494436819, -1.45784395955154555402
50, 0, -3.71110000000000184173, 49.05928288991957231246, 0.22353484929569991668, -1.51978218765241290811
50, 0, -3.74040790253771504581, 49.39177414786013287085, 0.22329936274627437687, -1.59138026390587516978
50, 0, -3.77429059164764346690, 49.65334792649717599033, 0.22385392941500570352, -1.64528610927760055027
50, 0, -3.80000000000000204281, 49.65438106271110996204, 0.22385730222764196884, -1.64549461658599227576
50, 0, -3.80010000000000225384, 49.66471913431092133351, 0.22389154386435489164, -1.64757910802882201473
50, 0, -3.80110000000000214371, 49.76877134211260766961, 0.22428509702287360850, -1.66836245216383738388
50, 0, -3.81110000000000193054, 50.07035591946408459307, 0.22589758558993852655, -1.72654836723005233878
50, 0, -3.83944448018278716717, 50.46920789444529020784, 0.22897992781343659563, -1.79875263315187239321
50, 0, -3.87558229111506724607, 50.74787124771716406713, 0.23167972625768482042, -1.84600161552186481373
50, 0, -3.90000000000000213163, 50.74902775288564527045, 0.23169176356040435683, -1.84619229637386195186
50, 0, -3.90010000000000234266, 50.76059966965156888818, 0.23181256805769995255, -1.84809779397165985237
50, 0, -3.90110000000000223253, 50.87700595486280974455, 0.23306338304155532759, -1.86701989343524044074
50, 0, -3.91110000000000201936, 51.28553895532547102221, 0.23791936829077173221, -1.92995890542752412955
50, 0, -3.94537800753840040002, 51.81540834791162808415, 0.24510967770890773609, -2.00394780793711957401
50, 0, -3.98809427489049683757, 51.96722859425204177342, 0.24731989880671562121, -2.02365419311102545663
50, 0, -4.00000000000000177636, 51.96851145413118189254, 0.24733882214432806324, -2.02381799963645248042
50, 0, -4.00010000000000154330, 51.98134709099502970275, 0.24752837975354852196, -2.02545449189940640622
50, 0, -4.00110000000000187725, 52.11040794127308117822, 0.24945598179387709625, -2.04166194815089374615
50, 0, -4.01110000000000166409, 52.62580462514547008368, 0.25749557931569050373, -2.10210816558056867720
50, 0, -4.05008271960052290694, 53.31456453491583857840, 0.26887491956676051741, -2.17323918155310069622
50, 0, -4.10000000000000142109, 53.31597705431805422904, 0.26889880626480516801, -2.17337477692986613675
50, 0, -4.10010000000000118803, 53.33010947713999883035, 0.26913789711046626207, -2.17472924082500629339
50, 0, -4.10110000000000152198, 53.47215732613427263686, 0.27155085769154263531, -2.18812559112030102781
50, 0, -4.11110000000000130882, 54.13189597319573209688, 0.28294117608757773930, -2.24549699829739557444
50, 0, -4.15637954574924073370, 54.79334615860207691185, 0.29453893231158628785, -2.29593829845524854960
50, 0, -4.20000000000000106581, 54.79489196848013676799, 0.29456613486450328177, -2.29604877773472404456
50, 0, -4.20010000000000083276, 54.81035750493772695791, 0.29483830444129660586, -2.29715231031205213696
50, 0, -4.20110000000000116671, 54.96575744603658364440, 0.29757415280884308428, -2.30806255242779023718
50, 0, -4.21110000000000095355, 55.83260931748387179141, 0.31282104024586659952, -2.36346568471900075892
50, 0, -4.26535373634424086475, 56.40737060156467208571, 0.32285938248308804210, -2.39573028372642182759
50, 0, -4.30000000000000071054, 56.40905366697500511464, 0.32288864515468418404, -2.39582012573972225056
50, 0, -4.30010000000000047748, 56.42589198624643387348, 0.32318135725620295018, -2.39671753493081673980
50, 0, -4.30110000000000081144, 56.59504257443869335020, 0.32611683584739259434, -2.40559140727776243907
50, 0, -4.31110000000000059828, 57.75202875725034346033, 0.34590814366487415699, -2.46008496241080498734
50, 0, -4.37739670440620187719, 58.16077346533496950087, 0.35276163315970032741, -2.47707263871754923557
50, 0, -4.40000000000000035527, 58.16259809434455263499, 0.35279204988394780029, -2.47714612363826258701
50, 0, -4.40010000000000012221, 58.18085229622990084408, 0.35309626081849165846, -2.47788017893716494555
50, 0, -4.40110000000000045617, 58.36418644456018967048, 0.35614261178338885161, -2.48514205889666994764
50, 0, -4.41110000000000024301, 59.67906858253047630569, 0.37749351746283016373, -2.53192824597774368556
50, 0, -4.48062934471827389871, 60.05803823063501312163, 0.38347948788204655468, -2.54389868003952956954
50, 0, -4.50000000000000000000, 60.06000908421022188577, 0.38351041856423800924, -2.54395935953067864332
50, 0, -4.50009999999999976694, 60.07972579807422164322, 0.38381973974358091217, -2.54456553376199812178
50, 0, -4.50110000000000010090, 60.27771177251361223171, 0.38691429757615758422, -2.55056576684632441143
50, 0, -4.51109999999999988773, 61.66785396496095472685, 0.40805275470258567383, -2.58868405341139373732
50, 0, -4.57929128300369736593, 62.10400662618993550268, 0.41447326531357236989, -2.59936791051456994595
50, 0, -4.59999999999999964473, 62.10612872906958870090, 0.41450425973366300525, -2.59941856361045653401
50, 0, -4.60009999999999941167, 62.12735822262798990323, 0.41481419764358778979, -2.59992460727183249958
50, 0, -4.60109999999999974563, 62.34050073551291859530, 0.41791288438164730934, -2.60493674039637967965
50, 0, -4.61109999999999953246, 63.83151948382639773172, 0.43893573305421007547, -2.63683662426107190413
50, 0, -4.67911771825219879872, 64.30389000210776373478, 0.44536305369778567131, -2.64592036048451184627
50, 0, -4.69999999999999928946, 64.30616875470323634545, 0.44539379443789794966, -2.64596311171945375307
50, 0, -4.70009999999999905640, 64.32896505308089274422, 0.44570118096237565375, -2.64639023822208541148
50, 0, -4.70109999999999939035, 64.55780645942165563156, 0.44877291377972794439, -2.65062324227696821666
50, 0, -4.71109999999999917719, 66.16324335755257379788, 0.46962616250832150966, -2.67777058178690063883
50, 0, -4.77937208949224690002, 66.66328176664391946815, 0.47588057829129293275, -2.68541423010741553412
50, 0, -4.79999999999999893419, 66.66572295799956293649, 0.47591084086089047167, -2.68545069396384716853
50, 0, -4.80009999999999870113, 66.69014397339365984863, 0.47621343535640758837, -2.68581502381173153893
50, 0, -4.80109999999999903508, 66.93526557339016846981, 0.47923622859824815956, -2.68942769734657805003
50, 0, -4.81109999999999882192, 68.66052264345022138059, 0.49979147599513329414, -2.71277411810469182285
50, 0, -4.87964548297992450898, 69.18817088382493807330, 0.50583602934679350316, -2.71926275497311742413
50, 0, -4.89999999999999857891, 69.19078070565915083989, 0.50586565497588564799, -2.71929416173667437562
50, 0, -4.90009999999999834586, 69.21688837781000813720, 0.50616187277965962732, -2.71960797962561384722
50, 0, -4.90109999999999867981, 69.47891182758506545269, 0.50912017984958934935, -2.72272137329676677808
50, 0, -4.91109999999999846665, 71.32623071499837408282, 0.52924831033872710151, -2.74295777058749212785
50, 0, -4.97980737779538884524, 71.88495646506449077151, 0.53509547355011743974, -2.74854630300347979599
50, 0, -4.99999999999999822364, 71.88774152691794938619, 0.53512435065408447965, -2.74857359697628744755
50, 0, -5.00009999999999799059, 71.91560197465300063868, 0.53541307811939464756, -2.74884633243255560586
50, 0, -5.00109999999999832454, 72.19519080786119502591, 0.53829597996336819854, -2.75155340668633474621
50, 0, -5.01109999999999811138, 74.16612464305302410139, 0.55789371892366357297, -2.76921413812132621857
50, 0, -5.07984309626283803141, 74.76046348128271290534, 0.56356540506936214641, -2.77409772742985127891
50, 0, -5.09999999999999786837, 74.76343082680013196750, 0.56359345649809300394, -2.77412164022211582548
50, 0, -5.10009999999999763531, 74.79311451091440687833, 0.56387392374264977413, -2.77436059929227463172
50, 0, -5.10109999999999796927, 75.09097577385935551320, 0.56667388164679821649, -2.77673341979213184061
50, 0, -5.11109999999999775611, 77.18751439213593812383, 0.58566869431188328665, -2.79224453739859646006
50, 0, -5.17977863495622248280, 77.82195962166508707014, 0.59118204384636330317, -2.79656543932272239061
50, 0, -5.19999999999999751310, 77.82511674603651385951, 0.59120921797568126710, -2.79658654359707803394
50, 0, -5.20009999999999728004, 77.85669864377025817248, 0.59148090996701019328, -2.79679744536456365012
50, 0, -5.20109999999999761400, 78.17358464663422523699, 0.59419289327230107034, -2.79889245649720930231
50, 0, -5.21109999999999740083, 80.39858640571374337469, 0.61253937799221402916, -2.81259832763261830024
50, 0, -5.27964818617827535974, 81.07717332457481518304, 0.61790379536567241470, -2.81645952792616416360
50, 0, -5.29999999999999715783, 81.08052819316122850068, 0.61793005975873416258, -2.81647827663733041348
50, 0, -5.30009999999999692477, 81.11408798452180235472, 0.61819265304334103384, -2.81666564494188786938
50, 0, -5.30109999999999725873, 81.45079817116508991148, 0.62081351779071181074, -2.81852752010132734384
50, 0, -5.31109999999999704556, 83.80809108892908909638, 0.63848748987414694067, -2.83070833828526247089
50, 0, -5.37948190019375616089, 84.53431300352761468275, 0.64370583702856931652, -2.83418546014365180241
50, 0, -5.39999999999999680256, 84.53787407169127732232, 0.64373117383857325624, -2.83420221525989068923
50, 0, -5.40009999999999656950, 84.57349633782297360085, 0.64398449064771234873, -2.83436966542396984181
50, 0, -5.40109999999999690345, 84.93087927615114551827, 0.64651252839724671073, -2.83603412604792382012
50, 0, -5.41109999999999669029, 87.42522361260864727228, 0.66350535113729081083, -2.84691885917602149902
50, 0, -5.47930263491479774274, 88.20208748396339615283, 0.66857615613092047369, -2.85006881359186303726
50, 0, -5.49999999999999644729, 88.20586371811238279861, 0.66860055870298995551, -2.85008386724754014807
50, 0, -5.50009999999999621423, 88.24363815180863923615, 0.66884453302620183734, -2.85023431725088904898
50, 0, -5.50109999999999654818, 88.62259364556034313409, 0.67127913699187002905, -2.85173020988868319847
50, 0, -5.51109999999999633502, 91.25960338158864715297, 0.68759313214104444967, -2.86150672775143632975
50, 0, -5.57912632417007525731, 92.08972764965186286190, 0.69251259591542158045, -2.86437355969876961126
50, 0, -5.59999999999999609201, 92.09372854948378517292, 0.69253606622938124193, -2.86438714989893217222
50, 0, -5.60009999999999585896, 92.13375017768906616311, 0.69277071828100100781, -2.86452297717123238741
50, 0, -5.60109999999999619291, 92.53523149791604396341, 0.69511213182265618737, -2.86587381639694172009
50, 0, -5.61109999999999597975, 95.32129042396753959565, 0.71075710294298422021, -2.87469693847085228100
50, 0, -5.67896326028354714310, 96.20700926041351408458, 0.71552061481578477231, -2.87731569538232356820
50, 0, -5.69999999999999573674, 96.21124488229007454265, 0.71554316152987340605, -2.87732801776790081405
50, 0, -5.70009999999999550369, 96.25361429990435624404, 0.71576857821412998018, -2.87745117665711003241
50, 0, -5.70109999999999583764, 96.67863052884243302287, 0.71801770225329897279, -2.87867630159981402471
50, 0, -5.71109999999999562448, 99.62081218222624556802, 0.73300837359709325458, -2.88667420286227605075
50, 0, -5.77881935414176695076, 100.56427682334454232205, 0.73761156001367178536, -2.88907350075878666118
50, 0, -5.79999999999999538147, 100.56875780461552949419, 0.73763319694601836574, -2.88908471750342688011
50, 0, -5.80009999999999514841, 100.61358141777716923571, 0.73784951669237863747, -2.88919682810985323229
50, 0, -5.80109999999999548237, 101.06319988595279824040, 0.74000776010158297868, -2.89031227751690300565
50, 0, -5.81109999999999526921, 104.16918515815738999208, 0.75436188768365941559, -2.89759156934114958659
50, 0, -5.87869701810440048462, 105.17246823075626593891, 0.75880131904212777538, -2.89979533080605866857
50, 0, -5.89999999999999502620, 105.17720581461033191317, 0.75882206397721074786, -2.89980557740725997107
50, 0, -5.90009999999999479314, 105.22459608921417384408, 0.75902946482040256626, -2.89990799339582228100
50, 0, -5.90109999999999512710, 105.69994486140252831774, 0.76109862675065642623, -2.90092717396033483723
50, 0, -5.91109999999999491394, 108.97789708419004739426, 0.77483546737455599729, -2.90757686784297320060
50, 0, -5.97859509033233305075, 110.04313951696464357610, 0.77910925451451484847, -2.90960558917676914703
50, 0, -5.99999999999999467093, 110.04814557686762555022, 0.77912912825534852423, -2.90961497968756432897
50, 0, -6.00009999999999443787, 110.09822128288271869678, 0.77932781836900411054, -2.90970884053095035782
50, 0, -6.00109999999999477183, 110.60049159435142485108, 0.78130999475276152744, -2.91064304203259771597
50, 0, -6.01109999999999455866, 114.05881618993409176710, 0.79444883873078064873, -2.91673756003936235359
50, 0, -6.07850751425800073235, 115.18848830544663996989, 0.79855735476505085302, -2.91860935002558852247
50, 0, -6.09999999999999431566, 115.19377536710312881496, 0.79857638037451250668, -2.91861798112097492464
50, 0, -6.10009999999999408260, 115.24666179795862319679, 0.79876659049358689213, -2.91870425270862288158
50, 0, -6.10109999999999441656, 115.77711022445163280281, 0.80066409917576941702, -2.91956304862827220603
50, 0, -6.11109999999999420339, 119.42390755422769643701, 0.81322235156866329309, -2.92516429971371572094
50, 0, -6.17841912317187702541, 120.62137280424231278175, 0.81716955210123320974, -2.92689596534529661298
50, 0, -6.19999999999999396039, 120.62695406052917235229, 0.81718775429160850354, -2.92690391951027661932
50, 0, -6.20009999999999372733, 120.68278318185539887963, 0.81736973161507775476, -2.92698342598686611638
50, 0, -6.20109999999999406128, 121.24273306560633045592, 0.81918505209827963132, -2.92777498774429290052
50, 0, -6.21109999999999384812, 125.08450313959737343339, 0.83117496357939124607, -2.93293335106208274965
50, 0, -6.27829541703443982925, 126.35531937983701311623, 0.83497117363772066501, -2.93454190447293283839
50, 0, -6.29999999999999360512, 126.36120868855812204856, 0.83498857827876793447, -2.93454925252285159232
50, 0, -6.30009999999999337206, 126.42011911432311421777, 0.83516258155613420922, -2.93462270145972992097
50, 0, -6.30109999999999370601, 127.01096017975535801270, 0.83689830644778773205, -2.93535404696159174520
50, 0, -6.31109999999999349285, 131.04952535334498975317, 0.84832056053720272804, -2.94010775377377875373
50, 0, -6.37805917389702869968, 132.40450303037360413327, 0.85198849947221344525, -2.94161300781316370490
50, 0, -6.39999999999999324984, 132.41071487183955923683, 0.85200513319668280676, -2.94161981090274338158
50, 0, -6.40009999999999301679, 132.47285143686835340304, 0.85217142878808549433, -2.94168781336368301282
50, 0, -6.40109999999999335074, 133.09603517763849822586, 0.85383022489079885009, -2.94236500522797772561
50, 0, -6.41109999999999313758, 137.32151754723750514131, 0.86466129003424652133, -2.94673697044855265048
50, 0, -6.47754187167242623246, 138.78366487781940463719, 0.86824841100098182345, -2.94816629073845248854
50, 0, -6.49999999999999289457, 138.79021421920984380449, 0.86826430089425610248, -2.94817260197721475734
50, 0, -6.50009999999999266151, 138.85572661519171333566, 0.86842315967129046772, -2.94823568865370688741
50, 0, -6.50109999999999299547, 139.51275186817855455956, 0.87000773743111203817, -2.94886399368719143155
50, 0, -6.51109999999999278231, 143.88941099157548819676, 0.88017827692855798993, -2.95285543206903078328
50, 0, -6.57640513511641877642, 145.50788302128822238046, 0.88377812029601776622, -2.95425140098963989743
50, 0, -6.59999999999999253930, 145.51478496309883325921, 0.88379329366550618552, -2.95425726675435029733
50, 0, -6.60009999999999230624, 145.58382418515418521565, 0.88394498870964510751, -2.95431590107552954905
50, 0, -6.60109999999999264020, 146.27619974736961694362, 0.88545807965068257239, -2.95489991993561407213
50, 0, -6.61109999999999242704, 150.72193800056246004715, 0.89483084077882413254, -2.95848434065066223653
50, 0, -6.67410065741204672207, 152.59199789946575265276, 0.89860498250445153268, -2.95991181071469133812
50, 0, -6.69999999999999218403, 152.59926680518134389786, 0.89861946673835590982, -2.95991727173199370426
50, 0, -6.70009999999999195097, 152.67197640583549400617, 0.89876427193419849981, -2.95997186068017636984
50, 0, -6.70109999999999228493, 153.40112915586260555756, 0.90020861515696537491, -2.96051563496289915633
50, 0, -6.71109999999999207176, 157.78036767025290032507, 0.90859541066053717273, -2.96364770361288076828
50, 0, -6.77010801113854210342, 160.04921048442676578816, 0.91275641276939578628, -2.96518581162002226037
50, 0, -6.79999999999999182876, 160.05685786389881286595, 0.91277023532149037521, -2.96519090388487516208
50, 0, -6.80009999999999159570, 160.13335268298121150110, 0.91290842521335890947, -2.96524180717275109842
50, 0, -6.80109999999999192966, 160.90040413963660625996, 0.91428676685917964484, -2.96574891048098931989
50, 0, -6.81109999999999171649, 165.06193789546719585815, 0.92153978452570262103, -2.96839901155396201915
50, 0, -6.86450856769846406991, 167.88766668755124555901, 0.92625996956791245562, -2.97010738059301138136
50, 0, -6.89999999999999147349, 167.89569602583750906888, 0.92627315816319699682, -2.97011213619505154426
50, 0, -6.90009999999999124043, 167.97601022275335935774, 0.92640501002834751976, -2.97015967452665785586
50, 0, -6.90109999999999157438, 168.78123037318323440559, 0.92772012572408724118, -2.97063329483659854802
50, 0, -6.91109999999999136122, 172.61681510943139983283, 0.93382055565942323483, -2.97281765202073477994
50, 0, -6.95811182569930419817, 176.10207117598287140936, 0.93914375600655908283, -2.97470700117199760015
50, 0, -6.99999999999999111822, 176.11046519196491999537, 0.93915633929394748414, -2.97471144913450302738
50, 0, -7.00009999999999088516, 176.19442419576557767869, 0.93928213970465113114, -2.97475591259970251201
50, 0, -7.00109999999999121911, 177.03588519579304261242, 0.94053690380669718873, -2.97519893672615864944
50, 0, -7.01109999999999100595, 180.49574161350264489556, 0.94558555506188946005, -2.97697300024011779485
50, 0, -7.05181611675517672211, 184.65297958877368955655, 0.95143749423596823966, -2.97901258253273715226
50, 0, -7.09999999999999076294, 184.66166878231706505176, 0.95144950341246159464, -2.97901674985563280629
50, 0, -7.10009999999999052989, 184.74857320369275726080, 0.95156956455542296425, -2.97905840837960678158
50, 0, -7.10109999999999086384, 185.61882736246127478807, 0.95276712134662189246, -2.97947352849321633883
50, 0, -7.11109999999999065068, 188.68689364118048956698, 0.95692524889986740888, -2.98090921723666824050
50, 0, -7.14618466232046678499, 192.40369128275906973613, 0.96185021262160941280, -2.98259840329506964451
50, 0, -7.18848194677762375449, 193.41616273364920175482, 0.96317508272808993741, -2.98305075323970436685
50, 0, -7.19999999999999040767, 193.42494943375362481675, 0.96318655530969932155, -2.98305466653412887368
50, 0, -7.20009999999999017462, 193.51281196708481502355, 0.96330125286569734389, -2.98309378627227772540
50, 0, -7.20109999999999050857, 194.39089260682777648981, 0.96444541288206175889, -2.98348366892467042888
50, 0, -7.21109999999999029541, 197.05424788433617777628, 0.96789855380876910207, -2.98465647293291302944
50, 0, -7.24155215728297818600, 200.16229285902213064219, 0.97192101967275912333, -2.98601535766949810480
50, 0, -7.27754118869361299460, 202.06526534834668495932, 0.97440036919521522130, -2.98684908421066364070
50, 0, -7.29999999999999005240, 202.07365567965979380460, 0.97441135732099637412, -2.98685277267303295190
50, 0, -7.30009999999998981934, 202.15751423666571895410, 0.97452121384841816631, -2.98688964585389671313
50, 0, -7.30109999999999015330, 202.99140587635426413726, 0.97561732280856783284, -2.98725724086841992744
50, 0, -7.31109999999998994014, 205.20946669093478931245, 0.97857729920133007528, -2.98824708650966730517
50, 0, -7.33830552284570813981, 207.73244275047878204532, 0.98207215607559694703, -2.98941054588249732760
50, 0, -7.37079579121870764880, 209.84354609703146365973, 0.98517918003428039952, -2.99044016906485587981
50, 0, -7.39999999999998969713, 209.85046991082521117278, 0.98518976676648095658, -2.99044366981473608291
50, 0, -7.40009999999998946407, 209.91958374032071787951, 0.98529561521340602859, -2.99047866826692843034
50, 0, -7.40109999999998979803, 210.59791821368119713043, 0.98635224026359002991, -2.99082775880313000982
50, 0, -7.41109999999998958486, 212.25485340160963687595, 0.98910742061142542525, -2.99173564664110092082
50, 0, -7.43731915852295433211, 213.98779467531426234927, 0.99242272790792718240, -2.99282359355642713084
50, 0, -7.46911856157595899219, 215.32523049166368878105, 0.99561976510162442100, -2.99386811070507663501
50, 0, -7.49999999999998934186, 215.32894892921015639331, 0.99563008772724836959, -2.99387147596542080308
50, 0, -7.50009999999998910880, 215.36590585631952876611, 0.99573330450277985904, -2.99390512290892019109
50, 0, -7.50109999999998944276, 215.71240781692767995992, 0.99676456598348794902, -2.99424104078114217131
50, 0, -7.51109999999998922959, 216.51688336339790907914, 1.00000603448624403313, -2.99529388392725470780
50, 0, -7.54261764823233260557, 216.86919358596460938315, 1.00390080040542883921, -2.99655292647456805710
50, 0, -7.58058594707911126420, 216.78023124440912283717, 1.00589173939032039407, -2.99719402798456169279
50, 0, -7.59999999999998898659, 216.77930162547630743575, 1.00590199786020506600, -2.99719732696161633712
50, 0, -7.60009999999998875353, 216.76974105184038421612, 1.00600458529308656175, -2.99723031516512827821
50, 0, -7.60109999999998908748, 216.64780574897645237797, 1.00703077927907003186, -2.99756005554926696632
50, 0, -7.61109999999998887432, 216.08163915323476089725, 1.00981556879724476694, -2.99845264508928277536
50, 0, -7.63819461267869659338, 214.87166940014566307582, 1.01342296107731000276, -2.99960409697935181939
50, 0, -7.67314586140546772697, 213.61226357185691426821, 1.01621128088200318729, -3.00049043468002452073
50, 0, -7.69999999999998863132, 213.60708774313002322742, 1.01622169652707894372, -3.00049373959760368180
50, 0, -7.70009999999998839826, 213.55514083307141959267, 1.01632586716195949528, -3.00052679084295803591
50, 0, -7.70109999999998873221, 213.01720372283165261251, 1.01736902812179241806, -3.00085752138814321199
50, 0, -7.71109999999998851905, 211.36471488934071771837, 1.02027391617947404967, -3.00177618460696393754
50, 0, -7.73880351522746412485, 209.19063499864492428060, 1.02367744667024784810, -3.00284823392031396949
50, 0, -7.77096548542887877176, 207.04048561932208372127, 1.02678248949929007416, -3.00382225502805422224
50, 0, -7.79999999999998827604, 207.03282356817410914118, 1.02679324084762013669, -3.00382562102341177379
50, 0, -7.80009999999998804299, 206.95611500918562342122, 1.02690077651248712343, -3.00385928542652402840
50, 0, -7.80109999999998837694, 206.18053344996070563866, 1.02797837400662195328, -3.00419638081928663809
50, 0, -7.81109999999998816378, 204.10860682331764337505, 1.03078837125270328379, -3.00507327807299606803
50, 0, -7.83699514147996456614, 201.55454336685949101593, 1.03416351680704021732, -3.00612250266431857426
50, 0, -7.86774346383021505602, 198.79917448874132901437, 1.03775174222895993914, -3.00723319332242144952
50, 0, -7.89999999999998792077, 198.79054359252478434428, 1.03776294454547302060, -3.00723665322034872105
50, 0, -7.90009999999998768772, 198.70420953737399827332, 1.03787499476178446400, -3.00727125794921423818
50, 0, -7.90109999999998802167, 197.83851575594943028591, 1.03899821580466511506, -3.00761788355609960277
50, 0, -7.91109999999998780851, 195.39785449513635740004, 1.04216850274352701433, -3.00859368225063228408
50, 0, -7.93908702896160090035, 192.47975268568637829958, 1.04598643917534039893, -3.00976387225421904148
50, 0, -7.97232704288562121775, 190.04677615781864119526, 1.04920987112204500136, -3.01074768564952899297
50, 0, -7.99999999999998756550, 190.03798983618844431476, 1.04922159486021149277, -3.01075125691701162012
50, 0, -8.00009999999998733244, 189.95013068668606592837, 1.04933886236540052650, -3.01078697602813338818
50, 0, -8.00109999999998677822, 189.07201146738808006376, 1.05051455907666535516, -3.01114481260143174168
50, 0, -8.01109999999998656506, 186.28235566938735701115, 1.05429804221022571653, -3.01229298536226197669
50, 0, -8.04296548608927608370, 182.97354346683349035629, 1.05889590687400203528, -3.01368144825157280309
50, 0, -8.08105383701336776880, 181.34110909997968974494, 1.06121426848635058704, -3.01437873257721955511
50, 0, -8.09999999999998721023, 181.33251941342817303848, 1.06122656084452637870, -3.01438242471297801472
50, 0, -8.10009999999998697717, 181.24663832721813605531, 1.06134951677754796329, -3.01441935290095486266
50, 0, -8.10109999999998642295, 180.38943005912000216995, 1.06258231858891272203, -3.01478931895902491078
50, 0, -8.11109999999998620979, 177.25103124851673896956, 1.06718583352367368811, -3.01616621848232258074
50, 0, -8.14802363270707807885, 173.48104332236897562325, 1.07291839831950519546, -3.01787075541647364929
50, 0, -8.19310498802212983094, 172.91076651819699350199, 1.07380620339954480080, -3.01813375326801613951
50, 0, -8.19999999999998685496, 172.90250830083417099559, 1.07381910118052292802, -3.01813757209552724348
50, 0, -8.20009999999998662190, 172.81994606792272861640, 1.07394811321339389565, -3.01817576746429594436
50, 0, -8.20109999999998606768, 171.99632555008591339174, 1.07524166243314001079, -3.01855843135194579219
50, 0, -8.21109999999998585452, 168.50964724612771306056, 1.08085465113648981905, -3.02021252096364367645
50, 0, -8.25394158436892055875, 164.83833139570813841601, 1.08702005464830642190, -3.02201764909817471860
50, 0, -8.29999999999998649969, 164.83044833975446863406, 1.08703359047616787691, -3.02202159881679666142
50, 0, -8.30009999999998626663, 164.75163880588573306341, 1.08716898471769218837, -3.02206110330283772569
50, 0, -8.30109999999998571241, 163.96564698792425929241, 1.08852652975889863107, -3.02245687884837321846
50, 0, -8.31109999999998549924, 160.15230857167591693724, 1.09530561805254111896, -3.02442460170828697485
50, 0, -8.36032630980935920206, 157.14637412561773999187, 1.10088760553698095102, -3.02603421966157437595
50, 0, -8.39999999999998614442, 157.13887319941792952704, 1.10090181064951986301, -3.02603830376953464310
50, 0, -8.40009999999998591136, 157.06388482352130608888, 1.10104389944433456172, -3.02607915233099511454
50, 0, -8.40109999999998535714, 156.31608796040404740779, 1.10246856065133935765, -3.02648838678126042012
50, 0, -8.41109999999998514397, 152.24344606420632430854, 1.11048307388083400404, -3.02877930194004463260
50, 0, -8.46647518885273875355, 149.83350547772184313544, 1.11543994647043498425, -3.03018679807605195720
50, 0, -8.49999999999998578915, 149.82637916853994397570, 1.11545485193814553071, -3.03019101978663174535
50, 0, -8.50009999999998555609, 149.75513634847925459326, 1.11560394600035905910, -3.03023324454734499511
50, 0, -8.50109999999998500186, 149.04473260686421554055, 1.11709883152687439178, -3.03065625828011997456
50, 0, -8.51109999999998478870, 144.83479981352630261426, 1.12627451348342555448, -3.03323892848320531002
50, 0, -8.57145127812641405285, 142.88902004075234231095, 1.13070829534836492236, -3.03447854225423085950
50, 0, -8.59999999999998543387, 142.88225535722185099985, 1.13072393258847458952, -3.03448290469248505019
50, 0, -8.60009999999998520082, 142.81462800868777662799, 1.13088034611669763230, -3.03452653690152818200
50, 0, -8.60109999999998464659, 142.14030016024835845201, 1.13244860061779073490, -3.03496364228049353429
50, 0, -8.61109999999998443343, 137.93300274029004981458, 1.14260108184417208399, -3.03777748594222929412
50, 0, -8.67470756268705756042, 136.29883385884738800087, 1.14672433076442392696, -3.03891257828588701173
50, 0, -8.69999999999998507860, 136.29241599601766665728, 1.14674073173346235954, -3.03891708459190112990
50, 0, -8.70009999999998484554, 136.22825602332369498981, 1.14690478432467801717, -3.03896215565296046179
50, 0, -8.70109999999998429132, 135.58851877239217742499, 1.14854960694496566198, -3.03941366701026094432
50, 0, -8.71109999999998407816, 131.48861954568485543859, 1.15949744256507503160, -3.04240157282510459424
50, 0, -8.77647664964131557497, 130.04791067058664566503, 1.16352029850645277698, -3.04349208154027817130
50, 0, -8.79999999999998472333, 130.04182451424824762398, 1.16353749573811326989, -3.04349673493392502976
50, 0, -8.80009999999998449027, 129.98098078032944613369, 1.16370951276033207655, -3.04354327705157823303
50, 0, -8.80109999999998393605, 129.37432337390441716707, 1.16543416027755375453, -3.04400951702846001012
50, 0, -8.81109999999998372289, 125.43650015900273331226, 1.17706619814341939545, -3.04713577183669892534
50, 0, -8.87734146551968450467, 124.12125894248794111263, 1.18112900444314883330, -3.04822033305763762101
50, 0, -8.89999999999998436806, 124.11548968667804615507, 1.18114703100371087885, -3.04822513688923324437
50, 0, -8.90009999999998413500, 124.05781415779345877581, 1.18132734314675014176, -3.04827318357513465941
50, 0, -8.90109999999998358078, 123.48275889294430385235, 1.18313512514150742660, -3.04875448814702965095
50, 0, -8.91109999999998336762, 119.72728127452793955854, 1.19540521495741614011, -3.05200219703955699657
50, 0, -8.97776364858618869391, 118.50433814941669652399, 1.19958374262446043623, -3.05310076815380115889
50, 0, -8.99999999999998401279, 118.49887154378660625298, 1.19960263201670613853, -3.05310572595191276335
50, 0, -9.00009999999998377973, 118.44422175040176625771, 1.19979157432898420055, -3.05315531250289406984
50, 0, -9.00109999999998322551, 117.89934734347625067130, 1.20168584331735539550, -3.05365203576443944300
50, 0, -9.01109999999998301234, 114.32922150588595400222, 1.21458720869080361027, -3.05701543525204444407
50, 0, -9.07799901376204587677, 113.18321672422749202269, 1.21891817915475031420, -3.05813702524358088652
50, 0, -9.09999999999998365752, 113.17803916439088141033, 1.21893796518296837483, -3.05814214076552293164
50, 0, -9.10009999999998342446, 113.12627909918973045933, 1.21913587571956938405, -3.05819330476880502090
50, 0, -9.10109999999998287024, 112.61022913556283242542, 1.22112001343730502967, -3.05870582401122304006
50, 0, -9.11109999999998265707, 109.22105299690851154537, 1.23466654714156365280, -3.06218492336299119572
50, 0, -9.17817077846034834465, 108.14462404904114123383, 1.23916619974806208049, -3.06333299900966338214
50, 0, -9.19999999999998330225, 108.13972259948440068911, 1.23918691634842903504, -3.06333827629773791656
50, 0, -9.20009999999998306919, 108.09072294411369341560, 1.23939413447304547233, -3.06339105819370693951
50, 0, -9.20109999999998251496, 107.60220791692124464589, 1.24147153470818971677, -3.06391977957064698401
50, 0, -9.21109999999998230180, 104.38672683891897463582, 1.25568792253505434608, -3.06751762215783640997
50, 0, -9.27833647965000629654, 103.37595683017198666676, 1.26036172310414706921, -3.06869290036453445936
50, 0, -9.29999999999998294697, 103.37131921811428014735, 1.26038340414095340059, -3.06869834381000705648
50, 0, -9.30009999999998271392, 103.32495728077321928140, 1.26060026848624628926, -3.06875278753245384067
50, 0, -9.30109999999998215969, 102.86275386887172089700, 1.26277431649206151043, -3.06929815250982773733
50, 0, -9.31109999999998194653, 99.81280131450060366660, 1.27769141129712027194, -3.07301959163774141004
50, 0, -9.37852412415982783500, 98.86526592625914133805, 1.28253847957839406391, -3.07422132495803124286
50, 0, -9.39999999999998259170, 98.86088052322332941912, 1.28256115860482222679, -3.07422693937442925716
50, 0, -9.40009999999998235864, 98.81704005395711476467, 1.28278800467819453779, -3.07428309308407055056
50, 0, -9.40109999999998180442, 98.37998923464212452927, 1.28506205303019616082, -3.07484558583094935713
50, 0, -9.41109999999998159126, 95.48728352712711853201, 1.30071487439121158403, -3.07869680919236721195
50, 0, -9.47874910389713498660, 94.60123509938763675109, 1.30572975341248520564, -3.07992333174720256395
50, 0, -9.49999999999998223643, 94.59709089792792724438, 1.30575346339388165262, -3.07992912245441718966
50, 0, -9.50009999999998200337, 94.55566185575423787668, 1.30599062080807781783, -3.07998703938056728191
50, 0, -9.50109999999998144915, 94.14266656169026248335, 1.30836796149699452485, -3.08056719524983568803
50, 0, -9.51109999999998123599, 91.39912962449518829544, 1.32479494172047806977, -3.08455560690860375317
50, 0, -9.57902173498889553116, 90.57315681774916527047, 1.32996808632351481982, -3.08580453313985314523
50, 0, -9.59999999999998188116, 90.56924340669080208954, 1.32999285932087696338, -3.08581050606060802721
50, 0, -9.60009999999998164810, 90.53012171196762380987, 1.33024064862659829878, -3.08587024546658161839
50, 0, -9.60109999999998109388, 90.14014435227107924220, 1.33272448115902708565, -3.08646866072192382902
50, 0, -9.61109999999998088072, 87.53802023387805775201, 1.34996733385606781930, -3.09060294770406551734
50, 0, -9.67935070371441774739, 86.77090743137931383444, 1.35528494020381873320, -3.09187119835083246144
50, 0, -9.69999999999998152589, 86.76721497109592462493, 1.35531080701532857802, -3.09187736012125080620
50, 0, -9.70009999999998129283, 86.73030225832185635682, 1.35556953611421016070, -3.09193898841086989293
50, 0, -9.70109999999998073861, 86.36236224931599281263, 1.35816293140586741295, -3.09255633137505991925
50, 0, -9.71109999999998052544, 83.89425200115887548691, 1.37626686691630872872, -3.09684664143214449794
50, 0, -9.77974473072975847288, 83.18492277720646654871, 1.38171031693219958925, -3.09813037183257700136
50, 0, -9.79999999999998117062, 83.18144197562814667890, 1.38173730669101435531, -3.09813672992885180690
50, 0, -9.80009999999998093756, 83.14664535357373154056, 1.38200726681108521099, -3.09820032191408634148
50, 0, -9.80109999999998038334, 82.79981672526172076232, 1.38471312669665369555, -3.09883734574058156142
50, 0, -9.81109999999998017017, 80.45867595328998334026, 1.40372732628898133633, -3.10329555516043154029
50, 0, -9.88021356201524625362, 79.80617468969661842948, 1.40927233379413197056, -3.10459000894900860601
50, 0, -9.89999999999998081535, 79.80289677935644476747, 1.40930047352125775717, -3.10459657183252524248
50, 0, -9.90009999999998058229, 79.77012860159129559179, 1.40958193474318793648, -3.10466221218581184260
50, 0, -9.90109999999998002806, 79.44353770912495349421, 1.41240294698990953570, -3.10531976949130417154
50, 0, -9.91109999999997981490, 77.22265700636155827397, 1.43238128582490698015, -3.10995984240971390378
50, 0, -9.98076871512875030135, 76.62614862377176905284, 1.43799675374649060799, -3.11125913146023647116
50, 0, -9.99999999999998046007, 76.62306534001858437932, 1.43802606785842557180, -3.11126590874395025921
50, 0, -10.00009999999998022702, 76.59224298710508094246, 1.43831927418948501973, -3.11133369366322298788
50, 0, -10.00109999999997967279, 76.28506633931395697346, 1.44125786298923563855, -3.11201275330427806765
50, 0, -10.01109999999997945963, 74.17804132462971722362, 1.46225994232263367678, -3.11685121381116081452
50, 0, -10.08142427025931375795, 73.63682247013163362226, 1.46790647074959013096, -3.11814800589018670252
